{
  "dataset_path": "/lambda/nfs/spring2026maddlabsg/datasets/1/semantic_drone",
  "dropout_rates": [
    0.3,
    0.7
  ],
  "n_samples": 150,
  "n_images": 400,
  "best_class": "grass",
  "best_pixel_accuracy": 0.8762175832261527,
  "worst_class": "ar-marker",
  "worst_pixel_accuracy": 0.2518045126865301,
  "per_class_overall": {
    "ar-marker": {
      "pixel_accuracy": {
        "mean": 0.2518045126865301,
        "std": 2.1425673819630564e-05,
        "by_dropout": {
          "0.3": 0.2518259383603497,
          "0.7": 0.25178308701271046
        }
      },
      "mean_normalized_entropy": {
        "mean": 0.5800580504609838,
        "std": 0.004077488553742181,
        "by_dropout": {
          "0.3": 0.5759805619072417,
          "0.7": 0.584135539014726
        }
      },
      "mean_std_prob": {
        "mean": 0.03797284270002842,
        "std": 0.015634097346486582,
        "by_dropout": {
          "0.3": 0.02233874535354184,
          "0.7": 0.053606940046515
        }
      }
    },
    "car": {
      "pixel_accuracy": {
        "mean": 0.8720246731594368,
        "std": 1.4983145604052783e-05,
        "by_dropout": {
          "0.3": 0.8720396563050408,
          "0.7": 0.8720096900138327
        }
      },
      "mean_normalized_entropy": {
        "mean": 0.3198564302547994,
        "std": 0.005838745754449176,
        "by_dropout": {
          "0.3": 0.3140176845003502,
          "0.7": 0.3256951760092486
        }
      },
      "mean_std_prob": {
        "mean": 0.04172645609378378,
        "std": 0.018332375576392224,
        "by_dropout": {
          "0.3": 0.023394080517391558,
          "0.7": 0.060058831670176005
        }
      }
    },
    "grass": {
      "pixel_accuracy": {
        "mean": 0.8762175832261527,
        "std": 0.0002024648942233198,
        "by_dropout": {
          "0.3": 0.876420048120376,
          "0.7": 0.8760151183319294
        }
      },
      "mean_normalized_entropy": {
        "mean": 0.36806224818108924,
        "std": 0.0006553918164033667,
        "by_dropout": {
          "0.3": 0.3674068563646859,
          "0.7": 0.36871763999749263
        }
      },
      "mean_std_prob": {
        "mean": 0.03538725441901675,
        "std": 0.015155452003381845,
        "by_dropout": {
          "0.3": 0.020231802415634905,
          "0.7": 0.050542706422398595
        }
      }
    },
    "obstacle": {
      "pixel_accuracy": {
        "mean": 0.2529669278994956,
        "std": 0.001380241212354416,
        "by_dropout": {
          "0.3": 0.2515866866871412,
          "0.7": 0.25434716911185
        }
      },
      "mean_normalized_entropy": {
        "mean": 0.6241620800892391,
        "std": 0.0025524234402984347,
        "by_dropout": {
          "0.3": 0.6216096566489407,
          "0.7": 0.6267145035295376
        }
      },
      "mean_std_prob": {
        "mean": 0.03734120015284779,
        "std": 0.01574291025736108,
        "by_dropout": {
          "0.3": 0.02159828989548671,
          "0.7": 0.05308411041020887
        }
      }
    },
    "paved-area": {
      "pixel_accuracy": {
        "mean": 0.5084059185640148,
        "std": 0.00020559257844393608,
        "by_dropout": {
          "0.3": 0.508200325985571,
          "0.7": 0.5086115111424588
        }
      },
      "mean_normalized_entropy": {
        "mean": 0.49382338490744304,
        "std": 0.00031479007403603654,
        "by_dropout": {
          "0.3": 0.493508594833407,
          "0.7": 0.49413817498147905
        }
      },
      "mean_std_prob": {
        "mean": 0.03172473467420787,
        "std": 0.013559819490183145,
        "by_dropout": {
          "0.3": 0.018164915184024723,
          "0.7": 0.04528455416439101
        }
      }
    },
    "roof": {
      "pixel_accuracy": {
        "mean": 0.8517532789463385,
        "std": 0.0007049932161414252,
        "by_dropout": {
          "0.3": 0.851048285730197,
          "0.7": 0.8524582721624798
        }
      },
      "mean_normalized_entropy": {
        "mean": 0.4097523476545091,
        "std": 0.0017614310202384853,
        "by_dropout": {
          "0.3": 0.4079909166342706,
          "0.7": 0.4115137786747476
        }
      },
      "mean_std_prob": {
        "mean": 0.034722116970031254,
        "std": 0.015200163553651403,
        "by_dropout": {
          "0.3": 0.019521953416379852,
          "0.7": 0.04992228052368266
        }
      }
    },
    "tree": {
      "pixel_accuracy": {
        "mean": 0.6113383478032158,
        "std": 0.0020132082462909207,
        "by_dropout": {
          "0.3": 0.6093251395569249,
          "0.7": 0.6133515560495068
        }
      },
      "mean_normalized_entropy": {
        "mean": 0.5162025831292925,
        "std": 0.0007458964745153951,
        "by_dropout": {
          "0.3": 0.5154566866547771,
          "0.7": 0.5169484796038079
        }
      },
      "mean_std_prob": {
        "mean": 0.03796077581180099,
        "std": 0.016135268914137756,
        "by_dropout": {
          "0.3": 0.021825506897663237,
          "0.7": 0.05409604472593875
        }
      }
    }
  },
  "results_by_dropout": {
    "0.3": {
      "pixel_accuracy_mean": 0.6713808069150309,
      "pixel_accuracy_std": 0.1793631113590599,
      "mean_uncertainty": 0.4329664749354565,
      "std_uncertainty": 0.12467322884830286,
      "mean_std_prob": 0.02030009071168786,
      "std_std_prob": 0.003999555623583485,
      "time_per_image_seconds": 10.906225299239159,
      "total_time_seconds": 4362.490119695663,
      "temperature": 1.2210287347377085,
      "per_class": {
        "paved-area": {
          "pixel_accuracy": {
            "mean": 0.508200325985571,
            "std": 0.27453346671820644
          },
          "mean_normalized_entropy": {
            "mean": 0.493508594833407,
            "std": 0.1302744519645934
          },
          "mean_std_prob": {
            "mean": 0.018164915184024723,
            "std": 0.004436936250608261
          }
        },
        "grass": {
          "pixel_accuracy": {
            "mean": 0.876420048120376,
            "std": 0.21829063474585214
          },
          "mean_normalized_entropy": {
            "mean": 0.3674068563646859,
            "std": 0.15079617391263708
          },
          "mean_std_prob": {
            "mean": 0.020231802415634905,
            "std": 0.008049083082879839
          }
        },
        "roof": {
          "pixel_accuracy": {
            "mean": 0.851048285730197,
            "std": 0.27408683755056296
          },
          "mean_normalized_entropy": {
            "mean": 0.4079909166342706,
            "std": 0.2004969634720756
          },
          "mean_std_prob": {
            "mean": 0.019521953416379852,
            "std": 0.008945975739959887
          }
        },
        "car": {
          "pixel_accuracy": {
            "mean": 0.8720396563050408,
            "std": 0.26860328656924054
          },
          "mean_normalized_entropy": {
            "mean": 0.3140176845003502,
            "std": 0.19098387436070674
          },
          "mean_std_prob": {
            "mean": 0.023394080517391558,
            "std": 0.012272762928475062
          }
        },
        "tree": {
          "pixel_accuracy": {
            "mean": 0.6093251395569249,
            "std": 0.3737860818885854
          },
          "mean_normalized_entropy": {
            "mean": 0.5154566866547771,
            "std": 0.1676784357394442
          },
          "mean_std_prob": {
            "mean": 0.021825506897663237,
            "std": 0.008448300577290846
          }
        },
        "ar-marker": {
          "pixel_accuracy": {
            "mean": 0.2518259383603497,
            "std": 0.37180550421543257
          },
          "mean_normalized_entropy": {
            "mean": 0.5759805619072417,
            "std": 0.12794732030600442
          },
          "mean_std_prob": {
            "mean": 0.02233874535354184,